{
    "accuracy": [
        0.252,
        0.496,
        0.36,
        0.596,
        0.308,
        0.536,
        0.74,
        0.584,
        0.28,
        0.136,
        0.304,
        0.728,
        0.248,
        0.332,
        0.424,
        0.212,
        0.4,
        0.256,
        0.356,
        0.424,
        0.376,
        0.4,
        0.152,
        0.232,
        0.672,
        0.404,
        0.16,
        0.396,
        0.504,
        0.196,
        0.4,
        0.232,
        0.792,
        0.936,
        0.56,
        0.372,
        0.224,
        0.26,
        0.356,
        0.168,
        0.644,
        0.456,
        0.284,
        0.336,
        0.436,
        0.62,
        0.364,
        0.152,
        0.588,
        0.128,
        0.24,
        0.376,
        0.3,
        0.204,
        0.684,
        0.224,
        0.124,
        0.268,
        0.26,
        0.284,
        0.648,
        0.504,
        0.484,
        0.548,
        0.68,
        0.64,
        0.224,
        0.216,
        0.36,
        0.652,
        0.612,
        0.272,
        0.44,
        0.276,
        0.356,
        0.8,
        0.46,
        0.116,
        0.528,
        0.512,
        0.164,
        0.48,
        0.188,
        0.608,
        0.308,
        0.192,
        0.612,
        0.24,
        0.656,
        0.448,
        0.448,
        0.584,
        0.256,
        0.316,
        0.584,
        0.48,
        0.22,
        0.216,
        0.416,
        0.18,
        0.312
    ],
    "recall": [
        0.251999998992,
        0.49599999801600003,
        0.35999999856000003,
        0.595999997616,
        0.307999998768,
        0.535999997856,
        0.73999999704,
        0.583999997664,
        0.27999999888,
        0.135999999456,
        0.303999998784,
        0.727999997088,
        0.24799999900800002,
        0.33199999867200003,
        0.42399999830400004,
        0.21199999915200002,
        0.3999999984,
        0.255999998976,
        0.355999998576,
        0.42399999830400004,
        0.375999998496,
        0.3999999984,
        0.151999999392,
        0.231999999072,
        0.671999997312,
        0.403999998384,
        0.15999999936,
        0.39599999841600003,
        0.503999997984,
        0.195999999216,
        0.3999999984,
        0.231999999072,
        0.7919999968320001,
        0.935999996256,
        0.55999999776,
        0.371999998512,
        0.223999999104,
        0.25999999896000003,
        0.355999998576,
        0.167999999328,
        0.643999997424,
        0.455999998176,
        0.283999998864,
        0.335999998656,
        0.435999998256,
        0.61999999752,
        0.363999998544,
        0.151999999392,
        0.587999997648,
        0.127999999488,
        0.23999999904,
        0.375999998496,
        0.2999999988,
        0.203999999184,
        0.6839999972640001,
        0.223999999104,
        0.12399999950400001,
        0.267999998928,
        0.25999999896000003,
        0.283999998864,
        0.6479999974080001,
        0.503999997984,
        0.483999998064,
        0.547999997808,
        0.67999999728,
        0.63999999744,
        0.223999999104,
        0.21599999913600001,
        0.35999999856000003,
        0.651999997392,
        0.611999997552,
        0.271999998912,
        0.43999999824,
        0.275999998896,
        0.355999998576,
        0.7999999968,
        0.45999999816000003,
        0.115999999536,
        0.527999997888,
        0.511999997952,
        0.163999999344,
        0.47999999808,
        0.187999999248,
        0.607999997568,
        0.307999998768,
        0.191999999232,
        0.611999997552,
        0.23999999904,
        0.655999997376,
        0.447999998208,
        0.447999998208,
        0.583999997664,
        0.255999998976,
        0.315999998736,
        0.583999997664,
        0.47999999808,
        0.21999999912,
        0.21599999913600001,
        0.415999998336,
        0.17999999928000002,
        0.311999998752
    ],
    "precision": [
        0.12401574778737058,
        0.41333333195555555,
        0.3913043461247637,
        0.6106557352022306,
        0.4095744659065188,
        0.3526315780193906,
        0.5522388043216753,
        0.44242424108356293,
        0.17456359058712323,
        0.16504854288811388,
        0.4269662897361444,
        0.413636362696281,
        0.35028248389670913,
        0.6484374949340821,
        0.4435146424957546,
        0.2789473669529086,
        0.17241379280618313,
        0.30046948215742025,
        0.3574297174400413,
        0.3940520431447879,
        0.5949367050953374,
        0.3144654078161465,
        0.2405063275917321,
        0.4055944027580811,
        0.3733333325037037,
        0.36330935121111746,
        0.30769230532544384,
        0.6226415055179779,
        0.2850678726582175,
        0.36296296027434843,
        0.3424657522518296,
        0.3515151493847567,
        0.3687150831122624,
        0.8153310076120871,
        0.3977272715973657,
        0.37051792681068557,
        0.4274809127673213,
        0.28260869442344044,
        0.366255142525699,
        0.34999999708333335,
        0.3642533928410557,
        0.28217821712332125,
        0.5182481713996484,
        0.3853210991499032,
        0.5828876974177128,
        0.34521158052291406,
        0.42523364287274,
        0.23312883292558997,
        0.38684210424515236,
        0.3199999968,
        0.2542372870583166,
        0.7833333268055557,
        0.477707003326707,
        0.2588832474168363,
        0.7245762681162022,
        0.47457626716460793,
        0.37804877587745395,
        0.23344947653850356,
        0.23809523722309436,
        0.35678391780510593,
        0.5110410078516057,
        0.405144693231046,
        0.24248496945393794,
        0.6618357455949964,
        0.6589147261282375,
        0.49230769079289943,
        0.2947368405540166,
        0.45378150879175205,
        0.41666666473765435,
        0.6392156837677816,
        0.5563636343404958,
        0.6181818125619836,
        0.5612244869325281,
        0.2518248165991795,
        0.6402877651777859,
        0.649350647242368,
        0.6249999966032609,
        0.21969696803259872,
        0.42307692172090733,
        0.3290488423417768,
        0.24260354886033403,
        0.5240174649606224,
        0.15064102515820185,
        0.734299513360872,
        0.29844961124631936,
        0.33566433331703266,
        0.5444839838274591,
        0.20905923272104798,
        0.8159203939506449,
        0.2408602145357845,
        0.7368421004155125,
        0.6790697642833965,
        0.39024390005948845,
        0.24687499922851563,
        0.36138613771934125,
        0.5405405381056733,
        0.26315789347771346,
        0.6749999915625001,
        0.3611111098572531,
        0.35714285430839005,
        0.5611510750996326
    ],