{
    "total_accuracy": 0.3957623762376238,
    "mean_recall": 0.3957623746545743,
    "mean_precision": 0.418878889302975,
    "mean_f1_score": 0.3903235584791693
}