{"loss": [4.506301966042153, 4.291865586323204, 4.134507018133285, 3.9998741152427617, 3.8808010064464034, 3.7774479613171286, 3.696420111166872, 3.62802825092638, 3.5731629276048724, 3.5145735973681975, 3.4769730552707303, 3.435451273014544, 3.402281222375285, 3.3726452002641345, 3.3415064797945644, 3.3184766335391847, 3.2930395528556327, 3.270201328284029, 3.251348059511723, 3.2327698795891875, 3.212887199443431, 3.1947327224426365, 3.1780448296236803, 3.1626084783856965, 3.153637197599763, 3.1435654987770283, 3.1232507718131846, 3.1103910057018975, 3.0978934954037842, 3.085244100774018, 3.070612957453964, 3.0612191316748225, 3.049295996598541, 3.0442450448057494, 3.03013859641315, 3.019320790865936, 3.015276068145713, 2.9996799949674102, 2.9954771439435706, 2.9874850576128322, 2.9783411625588294, 2.973627544724847, 2.9644786485424155, 2.9547761267460686, 2.950960556625798, 2.951115825333794, 2.936332183206646, 2.930042869891545, 2.933137528240676, 2.9223813258455156], "accuracy": [0.02525136234553688, 0.05409471179573175, 0.0775654309610146, 0.09664594366344764, 0.11786015810780481, 0.13846035766264403, 0.1524445467795732, 0.16563051653796745, 0.17416532351023878, 0.18917798756413984, 0.19613170619250278, 0.20294727147064698, 0.21037685163727982, 0.21364648092510383, 0.22185893007813948, 0.227047355898838, 0.23047048890981353, 0.2339089722918919, 0.238498733592231, 0.24129250134430127, 0.2468953872121106, 0.248369022949264, 0.25148514851279286, 0.2540947117940162, 0.25908358278237203, 0.25939059021975425, 0.26351984036161835, 0.26559214061169717, 0.26996699670012747, 0.2726226110955743, 0.2727300637063322, 0.275462429961868, 0.2766444086255368, 0.27931537339506, 0.28160257886802714, 0.2841660910299948, 0.28448844884282587, 0.28663750096054197, 0.28887865530830614, 0.2899838821146309, 0.291764525295228, 0.29395962852144913, 0.2947117967601565, 0.297843272698448, 0.2972446081828921, 0.2969068999927823, 0.30057563896038847, 0.30234093176988275, 0.3028474940540181, 0.3035536111762147]}