{
    "accuracy": [
        0.236,
        0.596,
        0.648,
        0.32,
        0.204,
        0.12,
        0.688,
        0.772,
        0.172,
        0.504,
        0.252,
        0.66,
        0.504,
        0.528,
        0.516,
        0.28,
        0.736,
        0.356,
        0.432,
        0.576,
        0.752,
        0.532,
        0.38,
        0.58,
        0.772,
        0.58,
        0.468,
        0.584,
        0.76,
        0.88,
        0.568,
        0.748,
        0.812,
        0.94,
        0.544,
        0.772,
        0.384,
        0.504,
        0.444,
        0.364,
        0.832,
        0.704,
        0.592,
        0.692,
        0.664,
        0.772,
        0.348,
        0.368,
        0.692,
        0.388,
        0.46,
        0.7,
        0.632,
        0.492,
        0.84,
        0.716,
        0.204,
        0.384,
        0.72,
        0.28,
        0.716,
        0.668,
        0.456,
        0.924,
        0.856,
        0.872,
        0.468,
        0.352,
        0.664,
        0.896,
        0.884,
        0.692,
        0.692,
        0.568,
        0.58,
        0.884,
        0.736,
        0.084,
        0.612,
        0.548,
        0.612,
        0.696,
        0.268,
        0.412,
        0.652,
        0.496,
        0.66,
        0.492,
        0.776,
        0.348,
        0.832,
        0.72,
        0.724,
        0.064,
        0.496,
        0.524,
        0.312,
        0.548,
        0.544,
        0.444,
        0.676
    ],
    "recall": [
        0.235999999056,
        0.595999997616,
        0.6479999974080001,
        0.31999999872,
        0.203999999184,
        0.11999999952,
        0.687999997248,
        0.771999996912,
        0.171999999312,
        0.503999997984,
        0.251999998992,
        0.65999999736,
        0.503999997984,
        0.527999997888,
        0.515999997936,
        0.27999999888,
        0.735999997056,
        0.355999998576,
        0.43199999827200003,
        0.575999997696,
        0.751999996992,
        0.531999997872,
        0.37999999848,
        0.57999999768,
        0.771999996912,
        0.57999999768,
        0.467999998128,
        0.583999997664,
        0.75999999696,
        0.87999999648,
        0.567999997728,
        0.747999997008,
        0.8119999967520001,
        0.9399999962400001,
        0.543999997824,
        0.771999996912,
        0.383999998464,
        0.503999997984,
        0.443999998224,
        0.363999998544,
        0.831999996672,
        0.703999997184,
        0.5919999976320001,
        0.691999997232,
        0.6639999973440001,
        0.771999996912,
        0.347999998608,
        0.367999998528,
        0.691999997232,
        0.387999998448,
        0.45999999816000003,
        0.6999999972000001,
        0.631999997472,
        0.491999998032,
        0.83999999664,
        0.715999997136,
        0.203999999184,
        0.383999998464,
        0.7199999971200001,
        0.27999999888,
        0.715999997136,
        0.667999997328,
        0.455999998176,
        0.923999996304,
        0.855999996576,
        0.871999996512,
        0.467999998128,
        0.351999998592,
        0.6639999973440001,
        0.895999996416,
        0.8839999964640001,
        0.691999997232,
        0.691999997232,
        0.567999997728,
        0.57999999768,
        0.8839999964640001,
        0.735999997056,
        0.083999999664,
        0.611999997552,
        0.547999997808,
        0.611999997552,
        0.695999997216,
        0.267999998928,
        0.411999998352,
        0.651999997392,
        0.49599999801600003,
        0.65999999736,
        0.491999998032,
        0.775999996896,
        0.347999998608,
        0.831999996672,
        0.7199999971200001,
        0.723999997104,
        0.063999999744,
        0.49599999801600003,
        0.523999997904,
        0.311999998752,
        0.547999997808,
        0.543999997824,
        0.443999998224,
        0.675999997296
    ],
    "precision": [
        0.3959731517048782,
        0.6131687217565073,
        0.5744680830692621,
        0.8333333246527779,
        0.5483870908775582,
        0.55555554526749,
        0.8472906362202431,
        0.7095588209207396,
        0.6231883967653856,
        0.6268656685230564,
        0.684782601252363,
        0.5445544536483351,
        0.7325581352758248,
        0.46975088800800396,
        0.617224877429546,
        0.38043478054111535,
        0.3156089188411511,
        0.4635416642523872,
        0.5373134301626198,
        0.5496183185129072,
        0.6836363611504133,
        0.40060240843192046,
        0.28787878700642794,
        0.8734939706416026,
        0.6088328056503697,
        0.6682027618976831,
        0.3534743191737936,
        0.853801164597654,
        0.439814813796725,
        0.5092592580804184,
        0.8452380902069161,
        0.7304687471466065,
        0.94859812640842,
        0.9591836695543524,
        0.6699507356160063,
        0.4232456131069175,
        0.6357615851936319,
        0.2751091697050018,
        0.8283582027734463,
        0.3192982444936904,
        0.6887417195737029,
        0.6285714263265306,
        0.3999999989189189,
        0.5924657513956653,
        0.7545454511157025,
        0.7539062470550537,
        0.906249990559896,
        0.4239631316868058,
        0.4999999985549133,
        0.5105263131024931,
        0.31165311568657694,
        0.8749999956250001,
        0.6638655434291364,
        0.7687499951953125,
        0.846774190133975,
        0.7075098786264432,
        0.407999996736,
        0.5363128461658501,
        0.48780487672681605,
        0.6930693000686208,
        0.5907590739578908,
        0.6007194222995704,
        0.7651006660060358,
        0.627717389598594,
        0.6993464029433124,
        0.4791208780678662,
        0.4193548372066135,
        0.5398772973013662,
        0.8691099430936652,
        0.6222222204938271,
        0.4793926236889531,
        0.5747508286553129,
        0.5118343180123245,
        0.302771854365092,
        0.547169809255963,
        0.7594501692115114,
        0.7510204050978759,
        0.3333333280423281,
        0.7463414597739441,
        0.7210526277839335,
        0.45535714150191325,
        0.5918367326808275,
        0.5317460275258252,
        0.9035087640043091,
        0.4044665002370558,
        0.7294117604152249,
        0.9065934016121242,
        0.3121827403244093,
        0.8434782572022684,
        0.5541401238589801,
        0.5777777761728395,
        0.8372092984315846,
        0.6094276073756646,
        0.5161290156087414,
        0.514522819441814,
        0.8036809766645339,
        0.655462179365864,
        0.7445652133447543,
        0.4184615371739645,
        0.25284737983406064,
        0.6377358466500535
    ],