{
    "total_accuracy": 0.5682772277227722,
    "mean_recall": 0.5682772254496634,
    "mean_precision": 0.6053077501314886,
    "mean_f1_score": 0.561386166546804
}