{"loss": [3.372916779052233, 2.644095280479878, 2.501201269242154, 2.458331301587625, 2.4369583533121113, 2.4277640277238333, 2.4280420227476784, 2.425347452107335, 2.4244267161310256, 2.4274413214411314, 2.4276413215076817, 2.431727552849458, 2.432646528334489, 2.432432796474026, 2.4355696393611086, 2.4185913758830893, 2.431617965089981, 2.4332905226780728, 2.430410404975347, 2.426478699882432, 2.423915914695383, 2.424401291074203, 2.43327060583154, 2.4288459431796623, 2.4309994653799425, 2.4315249976581876, 2.4397490947974307, 2.4347618242868836, 2.4399897225683196], "accuracy": [0.25814721007853625, 0.37519379843909045, 0.398818021326038, 0.404037147903124, 0.41083736280238825, 0.41221889630457564, 0.4123724000201788, 0.41449075139019953, 0.41699286209337455, 0.4183283444646406, 0.41822089185296774, 0.41616394196507095, 0.4164095479274201, 0.4158108834038583, 0.4179599355179146, 0.4186353519168908, 0.4164095479274201, 0.4188042059914736, 0.4170849642998626, 0.4182822933547632, 0.4207997543967889, 0.42242689385492077, 0.41966382684368375, 0.4179138844217615, 0.4195563742379581, 0.41791388440712224, 0.4169928620663834, 0.41789853403579064, 0.4178524829126464]}