{"mean": [0.5450876355171204, 0.44353219866752625, 0.34375789761543274], "std": [0.2692630887031555, 0.2726103663444519, 0.2766425311565399]}