{"loss": [1.8516311073442295, 1.1889462699691775, 0.988966665726153, 0.8610625481704345, 0.7695290218092034, 0.6852132134046327, 0.6067614275529513, 0.544014880185812, 0.48883192278453347, 0.43860384916269235, 0.3998867518346082, 0.3595997273912817], "accuracy": [0.5428198633844319, 0.6874510707058483, 0.7356205388090453, 0.7692378540298543, 0.7917414997496676, 0.8121574948247391, 0.8319441246697263, 0.8445774810286181, 0.8591142835332698, 0.8713024791034168, 0.8844116970092706, 0.8942666359851362]}